timestamp,value
2011-07-01 00:15:01,0.102708936
2011-07-01 01:15:01,0.06803873
2011-07-01 02:15:01,0.07799409
2011-07-01 03:15:01,0.07768215
2011-07-01 04:15:01,0.07796558
2011-07-01 05:15:01,0.0782387
2011-07-01 06:15:01,0.07643763
2011-07-01 07:15:01,0.0813604
2011-07-01 08:15:01,0.07406716
2011-07-01 09:15:01,0.088168316
2011-07-01 10:15:01,0.10027119
2011-07-01 11:15:01,0.14584616
2011-07-01 12:15:01,0.14875576
2011-07-01 13:15:01,0.12925288
2011-07-01 14:15:01,0.13389273
2011-07-01 15:15:01,0.08897214
2011-07-01 16:15:01,0.101374045
2011-07-01 17:15:01,0.08477033
2011-07-01 18:15:01,0.07716264
2011-07-01 19:15:01,0.0938016
2011-07-01 20:15:01,0.17896278
2011-07-01 21:15:01,0.05841336
2011-07-01 22:15:01,0.31666064
2011-07-01 23:15:01,0.5855242
2011-07-02 00:15:01,0.5406063
2011-07-02 01:15:01,0.15733702
2011-07-02 02:15:01,0.11285896
2011-07-02 03:15:01,0.13581994
2011-07-02 04:15:01,0.14123547
2011-07-02 05:15:01,0.13392946
2011-07-02 06:15:01,0.1405387
2011-07-02 07:15:01,0.16397734
2011-07-02 08:15:01,0.13413253
2011-07-02 09:15:01,0.1559751
2011-07-02 10:15:01,0.15551111
2011-07-02 11:15:01,0.21724638
2011-07-02 12:15:01,0.36408162
2011-07-02 13:15:01,0.30391753
2011-07-02 14:15:01,0.16937214
2011-07-02 15:15:01,0.21014705
2011-07-02 16:15:01,0.14277007
2011-07-02 17:15:01,0.13234024
2011-07-02 18:15:01,0.2176281
2011-07-02 19:15:01,0.12583402
2011-07-02 20:15:01,0.12112517
2011-07-02 21:15:01,0.1465919
2011-07-02 22:15:01,0.13626495
2011-07-02 23:15:01,0.28727034
2011-07-03 00:15:01,0.26249135
2011-07-03 01:15:01,0.17748162
2011-07-03 02:15:01,0.1642558
2011-07-03 03:15:01,0.09439864
2011-07-03 04:15:01,0.14735597
2011-07-03 05:15:01,0.14779036
2011-07-03 06:15:01,0.1591817
2011-07-03 07:15:01,0.17901443
2011-07-03 08:15:01,0.15806139
2011-07-03 09:15:01,0.1644958
2011-07-03 10:15:01,0.21017857
2011-07-03 11:15:01,0.36150837
2011-07-03 12:15:01,0.3962424
2011-07-03 13:15:01,0.3108
2011-07-03 14:15:01,0.16340789
2011-07-03 15:15:01,0.23282738
2011-07-03 16:15:01,0.15003173
2011-07-03 17:15:01,0.15323465
2011-07-03 18:15:01,0.12957585
2011-07-03 19:15:01,0.15970606
2011-07-03 20:15:01,0.12459256
2011-07-03 21:15:01,0.15741031
2011-07-03 22:15:01,0.18838634
2011-07-03 23:15:01,0.17020896
2011-07-04 00:15:01,0.269775
2011-07-04 01:15:01,0.17757982
2011-07-04 02:15:01,0.104126215
2011-07-04 03:15:01,0.13888744
2011-07-04 04:15:01,0.15611556
2011-07-04 05:15:01,0.14933024
2011-07-04 06:15:01,0.13942738
2011-07-04 07:15:01,0.16533333
2011-07-04 08:15:01,0.16689803
2011-07-04 09:15:01,0.14873703
2011-07-04 10:15:01,0.20642105
2011-07-04 11:15:01,0.4284507
2011-07-04 12:15:01,0.43265626
2011-07-04 13:15:01,0.3678767
2011-07-04 14:15:01,0.2732653
2011-07-04 15:15:01,0.21668231
2011-07-04 16:15:01,0.11201697
2011-07-04 17:15:01,0.10167945
2011-07-04 18:15:01,0.09258628
2011-07-04 19:15:01,0.08954955
2011-07-04 20:15:01,0.11598921
2011-07-04 21:15:01,0.08360481
2011-07-04 22:15:01,0.12985268
2011-07-04 23:15:01,0.20350806
2011-07-05 00:15:01,0.21758772
2011-07-05 01:15:01,0.11420301
2011-07-05 02:15:01,0.10121482
2011-07-05 03:15:01,0.08407458
2011-07-05 04:15:01,0.099083036
2011-07-05 05:15:01,0.09418841
2011-07-05 06:15:01,0.103973605
2011-07-05 07:15:01,0.10467512
2011-07-05 08:15:01,0.09745063
2011-07-05 09:15:01,0.09190311
2011-07-05 10:15:01,0.15766233
2011-07-05 11:15:01,0.16705883
2011-07-05 12:15:01,0.23548022
2011-07-05 13:15:01,0.2121843
2011-07-05 14:15:01,0.112742856
2011-07-05 15:15:01,0.14773034
2011-07-05 16:15:01,0.11976306
2011-07-05 17:15:01,0.08677312
2011-07-05 18:15:01,0.12756056
2011-07-05 19:15:01,0.09779965
2011-07-05 20:15:01,0.114170134
2011-07-05 21:15:01,0.105995566
2011-07-05 22:15:01,0.08589527
2011-07-05 23:15:01,0.16083333
2011-07-06 00:15:01,0.19215722
2011-07-06 01:15:01,0.107871704
2011-07-06 02:15:01,0.08326495
2011-07-06 03:15:01,0.0918415
2011-07-06 04:15:01,0.09957957
2011-07-06 05:15:01,0.093269974
2011-07-06 06:15:01,0.1015913
2011-07-06 07:15:01,0.09211094
2011-07-06 08:15:01,0.12707159
2011-07-06 09:15:01,0.13709797
2011-07-06 10:15:01,0.118421055
2011-07-06 11:15:01,0.14433885
2011-07-06 12:15:01,0.07828877
2011-07-06 13:15:01,0.22030121
2011-07-06 14:15:01,0.16469945
2011-07-06 15:15:01,0.10846305
2011-07-06 16:15:01,0.10273698
2011-07-06 17:15:01,0.102960646
2011-07-06 18:15:01,0.12321124
2011-07-06 19:15:01,0.11301949
2011-07-06 20:15:01,0.08425377
2011-07-06 21:15:01,0.11048392
2011-07-06 22:15:01,0.11345494
2011-07-06 23:15:01,0.11683429
2011-07-07 00:15:01,0.09726594
2011-07-07 01:15:01,0.10517915
2011-07-07 02:15:01,0.10259503
2011-07-07 05:15:01,0.1075875
2011-07-07 06:15:01,0.09036543
2011-07-07 07:15:01,0.12748809
2011-07-07 08:15:01,0.09858704
2011-07-07 09:15:01,0.13644445
2011-07-07 10:15:01,0.14058621
2011-07-07 11:15:01,0.18840764
2011-07-07 12:15:01,0.28305194
2011-07-07 13:15:01,0.25126436
2011-07-07 14:15:01,0.19325532
2011-07-07 15:15:01,0.14030649
2011-07-07 16:15:01,0.13211787
2011-07-07 17:15:01,0.117506534
2011-07-07 18:15:01,0.12209801
2011-07-07 19:15:01,0.17282876
2011-07-07 20:15:01,0.20862424
2011-07-07 21:15:01,0.1391348
2011-07-07 22:15:01,0.178057
2011-07-07 23:15:01,0.10961249
2011-07-08 00:15:01,0.08695804
2011-07-08 01:15:01,0.1348718
2011-07-08 02:15:01,0.121639155
2011-07-08 06:15:01,0.1325514
2011-07-08 09:15:01,0.14374168
2011-07-08 10:15:01,0.11734402
2011-07-08 14:15:01,0.189716
2011-07-08 16:15:01,0.60382813
2011-07-08 17:15:01,0.17552404
2011-07-08 18:15:01,0.12983704
2011-07-08 19:15:01,0.18593448
2011-07-08 20:15:01,0.23745708
2011-07-08 21:15:01,0.20671318
2011-07-08 22:15:01,0.12801234
2011-07-08 23:15:01,0.21191694
2011-07-09 09:15:01,0.34578124
2011-07-09 15:15:01,0.13391808
2011-07-09 17:15:01,0.15035775
2011-07-09 18:15:01,0.20311186
2011-07-09 19:15:01,0.13007854
2011-07-09 20:15:01,0.16764045
2011-07-09 21:15:01,0.1133261
2011-07-09 22:15:01,0.20698473
2011-07-09 23:15:01,0.24522012
2011-07-10 00:15:01,0.21899629
2011-07-10 01:15:01,0.17543413
2011-07-10 02:15:01,0.1599764
2011-07-10 03:15:01,0.10284774
2011-07-10 04:15:01,0.13352793
2011-07-10 05:15:01,0.1307983
2011-07-10 06:15:01,0.1423585
2011-07-10 07:15:01,0.11858685
2011-07-10 08:15:01,0.23673151
2011-07-10 09:15:01,0.25596154
2011-07-10 10:15:01,0.20074627
2011-07-10 11:15:01,0.25938776
2011-07-10 12:15:01,0.3116129
2011-07-10 13:15:01,0.31784314
2011-07-10 14:15:01,0.23936842
2011-07-10 15:15:01,0.26462618
2011-07-10 16:15:01,0.24077778
2011-07-10 17:15:01,0.22855422
2011-07-10 18:15:01,0.15796
2011-07-10 19:15:01,0.14378336
2011-07-10 20:15:01,0.14801095
2011-07-10 21:15:01,0.16090555
2011-07-10 22:15:01,0.14534777
2011-07-10 23:15:01,0.15594512
2011-07-11 00:15:01,0.13629746
2011-07-11 01:15:01,0.16415676
2011-07-11 02:15:01,0.12414873
2011-07-11 03:15:01,0.14194234
2011-07-11 04:15:01,0.13649411
2011-07-11 05:15:01,0.14688128
2011-07-11 06:15:01,0.14229591
2011-07-11 07:15:01,0.15771897
2011-07-11 08:15:01,0.13847512
2011-07-11 09:15:01,0.13617021
2011-07-11 10:15:01,0.27509803
2011-07-11 11:15:01,0.4325
2011-07-11 12:15:01,0.33338982
2011-07-11 13:15:01,0.31694445
2011-07-11 14:15:01,0.30151162
2011-07-11 15:15:01,0.19519164
2011-07-11 16:15:01,0.15935114
2011-07-11 17:15:01,0.14519647
2011-07-11 18:15:01,0.09437853
2011-07-11 19:15:01,0.09361818
2011-07-11 20:15:01,0.09550993
2011-07-11 21:15:01,0.08751485
2011-07-11 22:15:01,0.10188732
2011-07-11 23:15:01,0.09327158
2011-07-12 00:15:01,0.08018698
2011-07-12 01:15:01,0.10742321
2011-07-12 02:15:01,0.12212955
2011-07-12 03:15:01,0.11861835
2011-07-12 04:15:01,0.12147365
2011-07-12 05:15:01,0.12223931
2011-07-12 06:15:01,0.13008225
2011-07-12 07:15:01,0.119370416
2011-07-12 08:15:01,0.19237265
2011-07-12 09:15:01,0.15417911
2011-07-12 10:15:01,0.1561397
2011-07-12 11:15:01,0.15351065
2011-07-12 12:15:01,0.21665072
2011-07-12 13:15:01,0.12912251
2011-07-12 14:15:01,0.2287935
2011-07-12 15:15:01,0.16101138
2011-07-12 16:15:01,0.15261954
2011-07-12 17:15:01,0.15297872
2011-07-12 18:15:01,0.13275623
2011-07-12 19:15:01,0.12996449
2011-07-12 20:15:01,0.153546
2011-07-12 21:15:01,0.16751237
2011-07-12 22:15:01,0.15450832
2011-07-12 23:15:01,0.11251219
2011-07-13 00:15:01,0.14801419
2011-07-13 01:15:01,0.16975191
2011-07-13 02:15:01,0.1502815
2011-07-13 03:15:01,0.13386947
2011-07-13 04:15:01,0.13216971
2011-07-13 05:15:01,0.12947954
2011-07-13 06:15:01,0.13912791
2011-07-13 07:15:01,0.15101425
2011-07-13 08:15:01,0.17551202
2011-07-13 09:15:01,0.17595865
2011-07-13 10:15:01,0.16925424
2011-07-13 11:15:01,0.22861703
2011-07-13 12:15:01,0.2581726
2011-07-13 13:15:01,0.21343243
2011-07-13 14:15:01,0.10585714
2011-07-13 15:15:01,0.15803401
2011-07-13 16:15:01,0.14093843
2011-07-13 17:15:01,0.1501858
2011-07-13 18:15:01,0.13285168
2011-07-13 19:15:01,0.13836594
2011-07-13 20:15:01,0.15151028
2011-07-13 21:15:01,0.15933727
2011-07-13 22:15:01,0.12183527
2011-07-13 23:15:01,0.1454598
2011-07-14 00:15:01,0.13116257
2011-07-14 01:15:01,0.120149255
2011-07-14 02:15:01,0.10427249
2011-07-14 03:15:01,0.09821194
2011-07-14 04:15:01,0.0969272
2011-07-14 05:15:01,0.0977994
2011-07-14 06:15:01,0.09427419
2011-07-14 07:15:01,0.13711435
2011-07-14 08:15:01,0.11045534
2011-07-14 09:15:01,0.1325832
2011-07-14 10:15:01,0.9053846
2011-07-14 11:15:01,0.9290244
2011-07-14 12:15:01,0.080628745
2011-07-14 13:15:01,0.23435399
2011-07-14 14:15:01,0.21949849
2011-07-14 15:15:01,0.10920245
2011-07-14 16:15:01,0.14149825
2011-07-14 17:15:01,0.14099196
2011-07-14 18:15:01,0.10982345
2011-07-14 19:15:01,0.10536585
2011-07-14 20:15:01,0.11594131
2011-07-14 21:15:01,0.10077441
2011-07-14 22:15:01,0.11730255
2011-07-14 23:15:01,0.09142712
2011-07-15 00:15:01,0.09997639
2011-07-15 01:15:01,0.12420043
2011-07-15 02:15:01,0.1060209
2011-07-15 03:15:01,0.10282315
2011-07-15 04:15:01,0.099145114
2011-07-15 05:15:01,0.09389202
2011-07-15 06:15:01,0.11195137
2011-07-15 07:15:01,0.097551644
2011-07-15 08:15:01,0.113910295
2011-07-15 09:15:01,0.13458897
2011-07-15 10:15:01,0.14660886
2011-07-15 11:15:01,0.15651163
2011-07-15 12:15:01,0.21465409
2011-07-15 13:15:01,0.22407801
2011-07-15 14:15:01,0.15435165
2011-07-15 15:15:01,0.10995887
2011-07-15 16:15:01,0.13731068
2011-07-15 17:15:01,0.10910474
2011-07-15 18:15:01,0.09828088
2011-07-15 19:15:01,0.11754552
2011-07-15 20:15:01,0.088991165
2011-07-15 21:15:01,0.11289904
2011-07-15 22:15:01,0.10140339
2011-07-15 23:15:01,0.06680309
2011-07-16 00:15:01,0.121771656
2011-07-16 01:15:01,0.13172586
2011-07-16 02:15:01,0.13395679
2011-07-16 03:15:01,0.11752258
2011-07-16 04:15:01,0.112670325
2011-07-16 05:15:01,0.09728609
2011-07-16 06:15:01,0.09802456
2011-07-16 07:15:01,0.09190034
2011-07-16 08:15:01,0.116577804
2011-07-16 09:15:01,0.1287991
2011-07-16 10:15:01,0.16840708
2011-07-16 11:15:01,0.18257576
2011-07-16 12:15:01,0.18929134
2011-07-16 13:15:01,0.23812039
2011-07-16 14:15:01,0.11559118
2011-07-16 15:15:01,0.10712617
2011-07-16 16:15:01,0.1412843
2011-07-16 17:15:01,0.09465945
2011-07-16 18:15:01,0.09423664
2011-07-16 19:15:01,0.12729816
2011-07-16 22:15:01,0.10279204
2011-07-16 23:15:01,0.113004796
2011-07-17 00:15:01,0.07711133
2011-07-17 01:15:01,0.12081647
2011-07-17 02:15:01,0.1225549
2011-07-17 03:15:01,0.114484645
2011-07-17 04:15:01,0.114307575
2011-07-17 05:15:01,0.09937542
2011-07-17 06:15:01,0.09921326
2011-07-17 07:15:01,0.09869052
2011-07-17 08:15:01,0.13538909
2011-07-17 09:15:01,0.121842384
2011-07-17 10:15:01,0.16732252
2011-07-17 11:15:01,0.17
2011-07-17 12:15:01,0.18390757
2011-07-17 13:15:01,0.13260223
2011-07-17 14:15:01,0.16103858
2011-07-17 15:15:01,0.1779958
2011-07-17 16:15:01,0.09525198
2011-07-17 17:15:01,0.12794468
2011-07-17 18:15:01,0.08547234
2011-07-17 19:15:01,0.11407227
2011-07-17 20:15:01,0.113168664
2011-07-17 21:15:01,0.08552384
2011-07-17 22:15:01,0.10865649
2011-07-17 23:15:01,0.10009434
2011-07-18 00:15:01,0.07505725
2011-07-18 01:15:01,0.11304955
2011-07-18 02:15:01,0.10868286
2011-07-18 03:15:01,0.10753065
2011-07-18 04:15:01,0.09800181
2011-07-18 05:15:01,0.09244083
2011-07-18 06:15:01,0.09760247
2011-07-18 07:15:01,0.10074048
2011-07-18 08:15:01,0.14190924
2011-07-18 09:15:01,0.13353437
2011-07-18 10:15:01,0.14354911
2011-07-18 11:15:01,0.16922794
2011-07-18 12:15:01,0.24367042
2011-07-18 13:15:01,0.1890205
2011-07-18 14:15:01,0.105336994
2011-07-18 15:15:01,0.16552563
2011-07-18 16:15:01,0.115012
2011-07-18 17:15:01,0.1465309
2011-07-18 18:15:01,0.10155582
2011-07-18 19:15:01,0.10136918
2011-07-18 20:15:01,0.121463664
2011-07-18 21:15:01,0.11103052
2011-07-18 22:15:01,0.0851863
2011-07-18 23:15:01,0.10355143
2011-07-19 00:15:01,0.09292019
2011-07-19 01:15:01,0.12292386
2011-07-19 02:15:01,0.114818886
2011-07-19 03:15:01,0.103286155
2011-07-19 04:15:01,0.10365589
2011-07-19 05:15:01,0.08576436
2011-07-19 06:15:01,0.08956522
2011-07-19 07:15:01,0.096072316
2011-07-19 08:15:01,0.12723106
2011-07-19 09:15:01,0.13407303
2011-07-19 10:15:01,0.17283854
2011-07-19 11:15:01,0.18889362
2011-07-19 12:15:01,0.21496093
2011-07-19 13:15:01,0.086119264
2011-07-19 14:15:01,0.19661765
2011-07-19 15:15:01,0.16626227
2011-07-19 16:15:01,0.11114706
2011-07-19 17:15:01,0.07254536
2011-07-19 18:15:01,0.12149861
2011-07-19 19:15:01,0.084813096
2011-07-19 20:15:01,0.11143396
2011-07-19 21:15:01,0.056693863
2011-07-19 22:15:01,0.10249591
2011-07-19 23:15:01,0.09801363
2011-07-20 00:15:01,0.07167464
2011-07-20 01:15:01,0.11152
2011-07-20 02:15:01,0.10730337
2011-07-20 03:15:01,0.10550775
2011-07-20 04:15:01,0.097919755
2011-07-20 05:15:01,0.088651635
2011-07-20 06:15:01,0.09955878
2011-07-20 07:15:01,0.102501795
2011-07-20 08:15:01,0.0975115
2011-07-20 09:15:01,0.12893204
2011-07-20 10:15:01,0.98907405
2011-07-20 11:15:01,1.034
2011-07-20 12:15:01,0.072019584
2011-07-20 13:15:01,0.22437653
2011-07-20 14:15:01,0.1683715
2011-07-20 15:15:01,0.15096375
2011-07-20 16:15:01,0.09725066
2011-07-20 17:15:01,0.09281239
2011-07-20 18:15:01,0.120405994
2011-07-20 19:15:01,0.083370514
2011-07-20 20:15:01,0.10447486
2011-07-20 21:15:01,0.08798975
2011-07-20 22:15:01,0.090747125
2011-07-20 23:15:01,0.10039707
2011-07-21 00:15:01,0.05183665
2011-07-21 01:15:01,0.105611555
2011-07-21 02:15:01,0.10656503
2011-07-21 03:15:01,0.09680931
2011-07-21 04:15:01,0.09092116
2011-07-21 05:15:01,0.09228481
2011-07-21 06:15:01,0.09455664
2011-07-21 07:15:01,0.09112292
2011-07-21 08:15:01,0.09577554
2011-07-21 09:15:01,0.12494521
2011-07-21 10:15:01,0.13521858
2011-07-21 11:15:01,0.1376378
2011-07-21 12:15:01,0.14051631
2011-07-21 13:15:01,0.18016627
2011-07-21 14:15:01,0.19986631
2011-07-21 15:15:01,0.101
2011-07-21 16:15:01,0.12729378
2011-07-21 17:15:01,0.095936224
2011-07-21 18:15:01,0.14217687
2011-07-21 22:15:01,0.093348034
2011-07-22 00:15:01,0.07802545
2011-07-22 01:15:01,0.09757238
2011-07-22 02:15:01,0.09517933
2011-07-22 03:15:01,0.09368766
2011-07-22 04:15:01,0.086552255
2011-07-22 05:15:01,0.08980807
2011-07-22 06:15:01,0.09960964
2011-07-22 07:15:01,0.11135135
2011-07-22 08:15:01,0.098094925
2011-07-22 09:15:01,0.1139505
2011-07-22 10:15:01,0.10756757
2011-07-22 11:15:01,0.13404495
2011-07-22 12:15:01,0.19238636
2011-07-22 13:15:01,0.19895238
2011-07-22 14:15:01,0.117111735
2011-07-22 15:15:01,0.12428139
2011-07-22 16:15:01,0.11021726
2011-07-22 17:15:01,0.09431783
2011-07-22 18:15:01,0.09083051
2011-07-22 19:15:01,0.123542435
2011-07-22 20:15:01,0.10465018
2011-07-22 21:15:01,0.091464944
2011-07-22 22:15:01,0.072674915
2011-07-22 23:15:01,0.08004717
2011-07-23 03:15:01,0.098913044
2011-07-23 05:15:01,0.090737544
2011-07-23 06:15:01,0.09134121
2011-07-23 07:15:01,0.09713214
2011-07-23 08:15:01,0.0819575
2011-07-23 11:15:01,0.15104982
2011-07-23 12:15:01,0.10144411
2011-07-23 13:15:01,0.2239322
2011-07-23 14:15:01,0.18785937
2011-07-23 15:15:01,0.1090036
2011-07-23 16:15:01,0.14395498
2011-07-23 17:15:01,0.12595706
2011-07-23 18:15:01,0.09879197
2011-07-23 19:15:01,0.110153005
2011-07-23 20:15:01,0.08966106
2011-07-23 21:15:01,0.09419158
2011-07-23 22:15:01,0.08114079
2011-07-23 23:15:01,0.09169324
2011-07-24 00:15:01,0.06395053
2011-07-24 01:15:01,0.16063312
2011-07-24 02:15:01,0.12546645
2011-07-24 03:15:01,0.0974853
2011-07-24 04:15:01,0.08418485
2011-07-24 05:15:01,0.083401494
2011-07-24 06:15:01,0.09347488
2011-07-24 07:15:01,0.093482256
2011-07-24 08:15:01,0.10068578
2011-07-24 09:15:01,0.121064164
2011-07-24 10:15:01,0.1183038
2011-07-24 11:15:01,0.14734848
2011-07-24 12:15:01,0.20081967
2011-07-24 13:15:01,0.1804088
2011-07-24 14:15:01,0.17804545
2011-07-24 15:15:01,0.111079544
2011-07-24 16:15:01,0.10002113
2011-07-24 17:15:01,0.09877879
2011-07-24 18:15:01,0.084893614
2011-07-24 19:15:01,0.09475924
2011-07-24 20:15:01,0.086339
2011-07-24 21:15:01,0.09072827
2011-07-24 22:15:01,0.09225064
2011-07-24 23:15:01,0.08250871
2011-07-25 00:15:01,0.085093975
2011-07-25 01:15:01,0.14636566
2011-07-25 02:15:01,0.10772521
2011-07-25 03:15:01,0.11480923
2011-07-25 04:15:01,0.09162498
2011-07-25 05:15:01,0.08367039
2011-07-25 06:15:01,0.09401474
2011-07-25 07:15:01,0.10539826
2011-07-25 08:15:01,0.101132676
2011-07-25 09:15:01,0.13718218
2011-07-25 10:15:01,0.15611246
2011-07-25 11:15:01,0.18136546
2011-07-25 12:15:01,0.22447154
2011-07-25 13:15:01,0.24075067
2011-07-25 14:15:01,0.11273829
2011-07-25 15:15:01,0.16039889
2011-07-25 16:15:01,0.1035498
2011-07-25 17:15:01,0.09490475
2011-07-25 18:15:01,0.10260901
2011-07-25 19:15:01,0.08373077
2011-07-25 20:15:01,0.068001
2011-07-25 21:15:01,0.07768657
2011-07-25 22:15:01,0.08721101
2011-07-25 23:15:01,0.07028555
2011-07-26 00:15:01,0.07342105
2011-07-26 01:15:01,0.091136426
2011-07-26 02:15:01,0.1019187
2011-07-26 03:15:01,0.08886762
2011-07-26 04:15:01,0.10530321
2011-07-26 05:15:01,0.07839327
2011-07-26 06:15:01,0.096659765
2011-07-26 07:15:01,0.092061356
2011-07-26 08:15:01,0.10303466
2011-07-26 09:15:01,0.1243401
2011-07-26 10:15:01,0.16217592
2011-07-26 11:15:01,0.18583643
2011-07-26 12:15:01,0.19446495
2011-07-26 13:15:01,0.1981598
2011-07-26 14:15:01,0.19971064
2011-07-26 15:15:01,0.058067165
2011-07-26 16:15:01,0.14314957
2011-07-26 17:15:01,0.09169634
2011-07-26 19:15:01,0.08859456
2011-07-26 20:15:01,0.106783465
2011-07-26 21:15:01,0.08725897
2011-07-26 22:15:01,0.07624632
2011-07-26 23:15:01,0.07059921
2011-07-27 00:15:01,0.07631359
2011-07-27 01:15:01,0.10203466
2011-07-27 02:15:01,0.09428177
2011-07-27 05:15:01,0.0897624
2011-07-27 06:15:01,0.091277234
2011-07-27 07:15:01,0.0948954
2011-07-27 08:15:01,0.108143516
2011-07-27 09:15:01,0.117656864
2011-07-27 10:15:01,0.12284091
2011-07-27 11:15:01,0.114534885
2011-07-27 12:15:01,0.21746093
2011-07-27 13:15:01,0.21092637
2011-07-27 14:15:01,0.12250861
2011-07-27 15:15:01,0.13678141
2011-07-27 16:15:01,0.10667075
2011-07-27 17:15:01,0.10484395
2011-07-27 18:15:01,0.087039806
2011-07-27 19:15:01,0.106177405
2011-07-27 20:15:01,0.059934426
2011-07-27 21:15:01,0.105376415
2011-07-27 22:15:01,0.07993911
2011-07-27 23:15:01,0.07731741
2011-07-28 00:15:01,0.07583873
2011-07-28 01:15:01,0.10138318
2011-07-28 02:15:01,0.09767646
2011-07-28 03:15:01,0.098829515
2011-07-28 04:15:01,0.09097316
2011-07-28 05:15:01,0.081816554
2011-07-28 06:15:01,0.08304777
2011-07-28 07:15:01,0.1670904
2011-07-28 08:15:01,0.09874135
2011-07-28 09:15:01,0.14171888
2011-07-28 10:15:01,0.038898848
2011-07-28 11:15:01,0.21362963
2011-07-28 12:15:01,0.23908642
2011-07-28 13:15:01,0.15682353
2011-07-28 14:15:01,0.19064777
2011-07-28 15:15:01,0.09663123
2011-07-28 16:15:01,0.09632291
2011-07-28 17:15:01,0.105487905
2011-07-28 18:15:01,0.08243965
2011-07-28 19:15:01,0.09796284
2011-07-28 20:15:01,0.0811024
2011-07-28 21:15:01,0.084504314
2011-07-28 22:15:01,0.071839005
2011-07-28 23:15:01,0.08211758
2011-07-29 00:15:01,0.063784964
2011-07-29 01:15:01,0.09029596
2011-07-29 02:15:01,0.08897923
2011-07-29 03:15:01,0.08068925
2011-07-29 04:15:01,0.08481567
2011-07-29 05:15:01,0.08203055
2011-07-29 06:15:01,0.0903958
2011-07-29 07:15:01,0.0849303
2011-07-29 08:15:01,0.1085
2011-07-29 09:15:01,0.15495238
2011-07-29 10:15:01,0.16671756
2011-07-29 11:15:01,0.22057523
2011-07-29 12:15:01,0.22591111
2011-07-29 13:15:01,0.0764184
2011-07-29 14:15:01,0.1812032
2011-07-29 15:15:01,0.06444225
2011-07-29 16:15:01,0.11568052
2011-07-29 17:15:01,0.10424028
2011-07-29 18:15:01,0.08959623
2011-07-29 19:15:01,0.12649049
2011-07-29 20:15:01,0.086243674
2011-07-29 21:15:01,0.09219198
2011-07-29 22:15:01,0.0862215
2011-07-29 23:15:01,0.07312675
2011-07-30 00:15:01,0.078568205
2011-07-30 01:15:01,0.09937119
2011-07-30 02:15:01,0.091932304
2011-07-30 03:15:01,0.10168794
2011-07-30 04:15:01,0.07590297
2011-07-30 05:15:01,0.08873105
2011-07-30 06:15:01,0.09067183
2011-07-30 07:15:01,0.09512098
2011-07-30 08:15:01,0.09963326
2011-07-30 09:15:01,0.13197322
2011-07-30 10:15:01,0.08570389
2011-07-30 11:15:01,0.1489196
2011-07-30 12:15:01,0.16825894
2011-07-30 13:15:01,0.15910448
2011-07-30 14:15:01,0.14581622
2011-07-30 15:15:01,0.10077772
2011-07-30 16:15:01,0.10555556
2011-07-30 17:15:01,0.08184419
2011-07-30 20:15:01,0.087952785
2011-07-30 21:15:01,0.08498559
2011-07-30 22:15:01,0.06811346
2011-07-30 23:15:01,0.07765224
2011-07-31 00:15:01,0.06278927
2011-07-31 01:15:01,0.09951966
2011-07-31 02:15:01,0.09261743
2011-07-31 04:15:01,0.08938987
2011-07-31 05:15:01,0.08495198
2011-07-31 06:15:01,0.08768153
2011-07-31 07:15:01,0.09537969
2011-07-31 08:15:01,0.09086796
2011-07-31 09:15:01,0.11730392
2011-07-31 10:15:01,0.10824121
2011-07-31 11:15:01,0.14677273
2011-07-31 12:15:01,0.14162964
2011-07-31 13:15:01,0.2116044
2011-07-31 14:15:01,0.15183833
2011-07-31 15:15:01,0.112491004
2011-07-31 16:15:01,0.08654703
2011-07-31 17:15:01,0.10575151
2011-07-31 18:15:01,0.064343624
2011-07-31 19:15:01,0.09165871
2011-07-31 20:15:01,0.07111111
2011-07-31 21:15:01,0.075002454
2011-07-31 23:15:01,0.08230373
2011-08-01 00:15:01,0.075629994
2011-08-01 03:15:01,0.092036165
2011-08-01 05:15:01,0.08795822
2011-08-01 06:15:01,0.084518515
2011-08-01 07:15:01,0.08299713
2011-08-01 08:15:01,0.12687032
2011-08-01 09:15:01,0.13333756
2011-08-01 10:15:01,0.12833866
2011-08-01 11:15:01,0.15014389
2011-08-01 12:15:01,0.20634532
2011-08-01 13:15:01,0.052459195
2011-08-01 14:15:01,0.16252914
2011-08-01 15:15:01,0.10539628
2011-08-01 16:15:01,0.12736012
2011-08-01 17:15:01,0.09431584
2011-08-01 18:15:01,0.09577317
2011-08-01 20:15:01,0.08470868
2011-08-01 21:15:01,0.088880554
2011-08-01 23:15:01,0.07633813
2011-08-02 00:15:01,0.06993746
2011-08-02 01:15:01,0.09893519
2011-08-02 02:15:01,0.091294155
2011-08-02 03:15:01,0.078542344
2011-08-02 05:15:01,0.07711859
2011-08-02 06:15:01,0.08293687
2011-08-02 07:15:01,0.085068256
2011-08-02 08:15:01,0.12412
2011-08-02 09:15:01,0.11266614
2011-08-02 10:15:01,0.14349486
2011-08-02 11:15:01,0.2207868
2011-08-02 12:15:01,0.12604372
2011-08-02 13:15:01,0.16306011
2011-08-02 14:15:01,0.16683224
2011-08-02 15:15:01,0.1301563
2011-08-02 16:15:01,0.09841804
2011-08-02 18:15:01,0.08875538
2011-08-02 19:15:01,0.09702552
2011-08-02 20:15:01,0.091652505
2011-08-02 21:15:01,0.08440955
2011-08-02 22:15:01,0.11612282
2011-08-02 23:15:01,0.07688025
2011-08-03 00:15:01,0.04184439
2011-08-03 01:15:01,0.10994821
2011-08-03 02:15:01,0.1159
2011-08-03 03:15:01,0.094507456
2011-08-03 04:15:01,0.077552706
2011-08-03 05:15:01,0.08654309
2011-08-03 06:15:01,0.093257815
2011-08-03 07:15:01,0.10190795
2011-08-03 08:15:01,0.11094354
2011-08-03 09:15:01,0.13759595
2011-08-03 10:15:01,0.13669355
2011-08-03 11:15:01,0.19725159
2011-08-03 12:15:01,0.20899849
2011-08-03 13:15:01,0.20738128
2011-08-03 14:15:01,0.113402225
2011-08-03 15:15:01,0.099839814
2011-08-03 17:15:01,0.12625895
2011-08-03 18:15:01,0.08475583
2011-08-03 19:15:01,0.10722792
2011-08-03 20:15:01,0.09944398
2011-08-03 21:15:01,0.10410932
2011-08-03 22:15:01,0.12483232
2011-08-03 23:15:01,0.14631926
2011-08-04 00:15:01,0.11533428
2011-08-04 01:15:01,0.11236186
2011-08-04 02:15:01,0.102111556
2011-08-04 03:15:01,0.13260353
2011-08-04 04:15:01,0.09878159
2011-08-04 05:15:01,0.08044781
2011-08-04 06:15:01,0.10126444
2011-08-04 07:15:01,0.11146547
2011-08-04 08:15:01,0.10200573
2011-08-04 09:15:01,0.121553116
2011-08-04 10:15:01,0.14638297
2011-08-04 11:15:01,0.16100223
2011-08-04 12:15:01,0.19396104
2011-08-04 13:15:01,0.10961404
2011-08-04 14:15:01,0.16697255
2011-08-04 16:15:01,0.10149778
2011-08-04 17:15:01,0.13928618
2011-08-04 18:15:01,0.0911728
2011-08-04 19:15:01,0.096254565
2011-08-04 20:15:01,0.21286823
2011-08-04 21:15:01,0.07968362
2011-08-04 22:15:01,0.094949804
2011-08-04 23:15:01,0.07749751
2011-08-05 00:15:01,0.09016338
2011-08-05 01:15:01,0.08567481
2011-08-05 02:15:01,0.10251462
2011-08-05 03:15:01,0.11725629
2011-08-05 04:15:01,0.091900155
2011-08-05 05:15:01,0.10194672
2011-08-05 06:15:01,0.09669614
2011-08-05 07:15:01,0.10300885
2011-08-05 08:15:01,0.137623
2011-08-05 09:15:01,0.12479148
2011-08-05 10:15:01,0.1369753
2011-08-05 11:15:01,0.17704698
2011-08-05 12:15:01,0.17965367
2011-08-05 13:15:01,0.10342466
2011-08-05 14:15:01,0.16512306
2011-08-05 15:15:01,0.13417266
2011-08-05 17:15:01,0.0854427
2011-08-05 19:15:01,0.116336994
2011-08-05 20:15:01,0.13558544
2011-08-05 21:15:01,0.08614867
2011-08-05 22:15:01,0.0866557
2011-08-05 23:15:01,0.06619304
2011-08-06 00:15:01,0.08433545
2011-08-06 01:15:01,0.089933254
2011-08-06 02:15:01,0.10729099
2011-08-06 03:15:01,0.1046489
2011-08-06 04:15:01,0.1080057
2011-08-06 05:15:01,0.09261166
2011-08-06 06:15:01,0.09522553
2011-08-06 07:15:01,0.09494423
2011-08-06 08:15:01,0.10942728
2011-08-06 09:15:01,0.11621828
2011-08-06 10:15:01,0.118654296
2011-08-06 11:15:01,0.15455587
2011-08-06 12:15:01,0.16333333
2011-08-06 13:15:01,0.15815312
2011-08-06 15:15:01,0.09272676
2011-08-06 16:15:01,0.11191845
2011-08-06 17:15:01,0.08695661
2011-08-06 18:15:01,0.076243475
2011-08-06 19:15:01,0.09408769
2011-08-06 20:15:01,0.054974053
2011-08-06 21:15:01,0.08941667
2011-08-06 22:15:01,0.070564315
2011-08-06 23:15:01,0.076889776
2011-08-07 00:15:01,0.09433245
2011-08-07 01:15:01,0.09936473
2011-08-07 02:15:01,0.09057308
2011-08-07 03:15:01,0.09028777
2011-08-07 04:15:01,0.094578505
2011-08-07 05:15:01,0.0977207
2011-08-07 06:15:01,0.092988506
2011-08-07 07:15:01,0.09793275
2011-08-07 08:15:01,0.10706574
2011-08-07 09:15:01,0.10486179
2011-08-07 10:15:01,0.1330731
2011-08-07 11:15:01,0.14813483
2011-08-07 12:15:01,0.1556
2011-08-07 13:15:01,0.23885417
2011-08-07 14:15:01,0.12586918
2011-08-07 15:15:01,0.090689845
2011-08-07 16:15:01,0.11049261
2011-08-07 17:15:01,0.08661483
2011-08-07 18:15:01,0.087193325
2011-08-07 19:15:01,0.08316931
2011-08-07 20:15:01,0.082925156
2011-08-07 21:15:01,0.08953231
2011-08-07 22:15:01,0.08388597
2011-08-07 23:15:01,0.051838234
2011-08-08 00:15:01,0.08941571
2011-08-08 01:15:01,0.09416015
2011-08-08 02:15:01,0.093212605
2011-08-08 03:15:01,0.09065821
2011-08-08 04:15:01,0.09433312
2011-08-08 05:15:01,0.09153681
2011-08-08 06:15:01,0.09020849
2011-08-08 07:15:01,0.104276
2011-08-08 08:15:01,0.094903894
2011-08-08 09:15:01,0.10788804
2011-08-08 10:15:01,0.12252713
2011-08-08 11:15:01,0.14154546
2011-08-08 12:15:01,0.14577495
2011-08-08 13:15:01,0.14229237
2011-08-08 14:15:01,0.09373845
2011-08-08 16:15:01,0.11596591
2011-08-08 17:15:01,0.082182385
2011-08-08 18:15:01,0.09222038
2011-08-08 19:15:01,0.08970812
2011-08-08 20:15:01,0.08519922
2011-08-08 21:15:01,0.08178339
2011-08-08 22:15:01,0.0877131
2011-08-08 23:15:01,0.059307758
2011-08-09 00:15:01,0.08149007
2011-08-09 01:15:01,0.09144129
2011-08-09 02:15:01,0.09428956
2011-08-09 03:15:01,0.096501626
2011-08-09 04:15:01,0.08524434
2011-08-09 05:15:01,0.09054363
2011-08-09 06:15:01,0.09573125
2011-08-09 07:15:01,0.10087831
2011-08-09 08:15:01,0.10133169
2011-08-09 09:15:01,0.13267857
2011-08-09 10:15:01,0.13330896
2011-08-09 11:15:01,0.14656325
2011-08-09 12:15:01,0.21364865
2011-08-09 14:15:01,0.1387182
2011-08-09 15:15:01,0.115043044
2011-08-09 16:15:01,0.0969094
2011-08-09 17:15:01,0.08944264
2011-08-09 18:15:01,0.094789475
2011-08-09 19:15:01,0.08908239
2011-08-09 20:15:01,0.07753309
2011-08-09 21:15:01,0.10109454
2011-08-09 22:15:01,0.06352244
2011-08-09 23:15:01,0.095962025
2011-08-10 00:15:01,0.08324605
2011-08-10 01:15:01,0.09103329
2011-08-10 02:15:01,0.09098596
2011-08-10 03:15:01,0.10474263
2011-08-10 04:15:01,0.08945753
2011-08-10 05:15:01,0.08718401
2011-08-10 06:15:01,0.09341216
2011-08-10 07:15:01,0.08478804
2011-08-10 08:15:01,0.12977904
2011-08-10 09:15:01,0.106145
2011-08-10 10:15:01,0.13899536
2011-08-10 11:15:01,0.16365011
2011-08-10 12:15:01,0.19501095
2011-08-10 13:15:01,0.08076443
2011-08-10 15:15:01,0.1353706
2011-08-10 17:15:01,0.11885106
2011-08-10 18:15:01,0.09798403
2011-08-10 19:15:01,0.10048577
2011-08-10 20:15:01,0.11681508
2011-08-10 21:15:01,0.08871224
2011-08-10 23:15:01,0.09317021
2011-08-11 00:15:01,0.08577558
2011-08-11 01:15:01,0.10558448
2011-08-11 02:15:01,0.08645234
2011-08-11 03:15:01,0.09915748
2011-08-11 04:15:01,0.09704082
2011-08-11 05:15:01,0.09366009
2011-08-11 06:15:01,0.094246276
2011-08-11 07:15:01,0.11277086
2011-08-11 08:15:01,0.10872877
2011-08-11 09:15:01,0.12832038
2011-08-11 10:15:01,0.16138211
2011-08-11 11:15:01,0.14914942
2011-08-11 12:15:01,0.16922054
2011-08-11 14:15:01,0.1219716
2011-08-11 15:15:01,0.10615643
2011-08-11 16:15:01,0.16320433
2011-08-11 17:15:01,0.11472774
2011-08-11 18:15:01,0.076001465
2011-08-11 19:15:01,0.10548347
2011-08-11 20:15:01,0.09497585
2011-08-11 21:15:01,0.06535253
2011-08-11 22:15:01,0.09276195
2011-08-11 23:15:01,0.099714965
2011-08-12 00:15:01,0.09076294
2011-08-12 01:15:01,0.082402386
2011-08-12 02:15:01,0.10366146
2011-08-12 03:15:01,0.19985294
2011-08-12 04:15:01,0.13080838
2011-08-12 05:15:01,0.14398457
2011-08-12 06:15:01,0.18751055
2011-08-12 07:15:01,0.18720588
2011-08-12 08:15:01,0.23774436
2011-08-12 09:15:01,0.25220588
2011-08-12 10:15:01,0.41261905
2011-08-12 11:15:01,0.33378378
2011-08-12 13:15:01,0.218
2011-08-12 14:15:01,0.3087069
2011-08-12 15:15:01,0.24135502
2011-08-12 16:15:01,0.21204725
2011-08-12 17:15:01,0.1757678
2011-08-12 18:15:01,0.13479695
2011-08-12 19:15:01,0.16290429
2011-08-12 21:15:01,0.16067626
2011-08-12 22:15:01,0.109723404
2011-08-12 23:15:01,0.12165644
2011-08-13 00:15:01,0.13158996
2011-08-13 01:15:01,0.19334573
2011-08-13 02:15:01,0.1795
2011-08-13 03:15:01,0.18316062
2011-08-13 04:15:01,0.1528889
2011-08-13 05:15:01,0.14514436
2011-08-13 06:15:01,0.15601881
2011-08-13 07:15:01,0.18196507
2011-08-13 08:15:01,0.214
2011-08-13 09:15:01,0.8392308
2011-08-13 10:15:01,0.3325
2011-08-13 11:15:01,0.391
2011-08-13 12:15:01,0.57439023
2011-08-13 13:15:01,0.32679558
2011-08-13 15:15:01,0.18606557
2011-08-13 17:15:01,0.20393519
2011-08-13 18:15:01,0.24190141
2011-08-13 19:15:01,0.13369603
2011-08-13 20:15:01,0.15990633
2011-08-13 21:15:01,0.14752728
2011-08-13 22:15:01,0.12426752
2011-08-13 23:15:01,0.1009945
2011-08-14 00:15:01,0.08873541
2011-08-14 01:15:01,0.10877124
2011-08-14 02:15:01,0.10215487
2011-08-14 03:15:01,0.110302724
2011-08-14 04:15:01,0.0947476
2011-08-14 05:15:01,0.09581146
2011-08-14 06:15:01,0.104109034
2011-08-14 07:15:01,0.110124685
2011-08-14 08:15:01,0.11395475
2011-08-14 09:15:01,0.13162938
2011-08-14 10:15:01,0.15617761
2011-08-14 11:15:01,0.18614118
2011-08-14 12:15:01,0.21056782
2011-08-14 13:15:01,0.18308204
2011-08-14 14:15:01,0.1842619
2011-08-14 15:15:01,0.097430654
2011-08-14 16:15:01,0.12466667
2011-08-14 17:15:01,0.11035296
2011-08-14 18:15:01,0.09912663
2011-08-14 19:15:01,0.097466916
2011-08-14 20:15:01,0.1031434
2011-08-14 21:15:01,0.11171037
2011-08-14 22:15:01,0.09008731
2011-08-14 23:15:01,0.08690498
2011-08-15 01:15:01,0.09621153
2011-08-15 02:15:01,0.10474848
2011-08-15 03:15:01,0.11981792
2011-08-15 04:15:01,0.10034498
2011-08-15 05:15:01,0.1024393
2011-08-15 06:15:01,0.10003827
2011-08-15 07:15:01,0.12674615
2011-08-15 08:15:01,0.11981818
2011-08-15 09:15:01,0.14303239
2011-08-15 10:15:01,0.16394265
2011-08-15 11:15:01,0.17727272
2011-08-15 12:15:01,0.17347328
2011-08-15 14:15:01,0.11539735
2011-08-15 15:15:01,0.101152524
2011-08-15 16:15:01,0.12355189
2011-08-15 17:15:01,0.09589404
2011-08-15 18:15:01,0.09461412
2011-08-15 19:15:01,0.11044418
2011-08-15 20:15:01,0.08602118
2011-08-15 21:15:01,0.096470326
2011-08-15 22:15:01,0.07789158
2011-08-15 23:15:01,0.09390577
2011-08-16 00:15:01,0.08581641
2011-08-16 01:15:01,0.10321449
2011-08-16 02:15:01,0.10544929
2011-08-16 03:15:01,0.109692864
2011-08-16 04:15:01,0.105233915
2011-08-16 05:15:01,0.10197047
2011-08-16 06:15:01,0.11660533
2011-08-16 07:15:01,0.11328844
2011-08-16 08:15:01,0.13543385
2011-08-16 09:15:01,0.1483754
2011-08-16 10:15:01,0.18412955
2011-08-16 11:15:01,0.1840053
2011-08-16 12:15:01,0.18263462
2011-08-16 13:15:01,0.17609243
2011-08-16 14:15:01,0.07240279
2011-08-16 15:15:01,0.12627232
2011-08-16 16:15:01,0.14257625
2011-08-16 17:15:01,0.08312785
2011-08-16 18:15:01,0.12998816
2011-08-16 19:15:01,0.09466077
2011-08-16 20:15:01,0.11379829
2011-08-16 21:15:01,0.091427416
2011-08-16 22:15:01,0.102077626
2011-08-16 23:15:01,0.093205415
2011-08-17 00:15:01,0.0902394
2011-08-17 01:15:01,0.109984264
2011-08-17 02:15:01,0.10341761
2011-08-17 03:15:01,0.09483703
2011-08-17 04:15:01,0.09294105
2011-08-17 05:15:01,0.09650314
2011-08-17 06:15:01,0.09880445
2011-08-17 07:15:01,0.13714598
2011-08-17 08:15:01,0.13848756
2011-08-17 09:15:01,0.14286315
2011-08-17 10:15:01,0.18291242
2011-08-17 11:15:01,0.20924623
2011-08-17 12:15:01,0.0896309
2011-08-17 13:15:01,0.16009888
2011-08-17 14:15:01,0.16983096
2011-08-17 15:15:01,0.11109589
2011-08-17 16:15:01,0.1032648
2011-08-17 18:15:01,0.10642134
2011-08-17 19:15:01,0.11107599
2011-08-17 20:15:01,0.09332955
2011-08-17 21:15:01,0.09015647
2011-08-17 22:15:01,0.09138718
2011-08-17 23:15:01,0.08257887
2011-08-18 00:15:01,0.08336749
2011-08-18 01:15:01,0.11503169
2011-08-18 02:15:01,0.11255595
2011-08-18 03:15:01,0.09707841
2011-08-18 04:15:01,0.08948491
2011-08-18 05:15:01,0.09546659
2011-08-18 06:15:01,0.09308905
2011-08-18 07:15:01,0.13448583
2011-08-18 08:15:01,0.119522676
2011-08-18 09:15:01,0.15655427
2011-08-18 10:15:01,0.16285978
2011-08-18 11:15:01,0.15678082
2011-08-18 12:15:01,0.15992
2011-08-18 13:15:01,0.09417931
2011-08-18 14:15:01,0.14883055
2011-08-18 15:15:01,0.070210785
2011-08-18 16:15:01,0.12625
2011-08-18 18:15:01,0.10571217
2011-08-18 20:15:01,0.103750564
2011-08-18 21:15:01,0.122362025
2011-08-18 22:15:01,0.13787667
2011-08-18 23:15:01,0.11785953
2011-08-19 00:15:01,0.12046498
2011-08-19 01:15:01,0.11374972
2011-08-19 02:15:01,0.10735183
2011-08-19 03:15:01,0.10954139
2011-08-19 04:15:01,0.105772056
2011-08-19 05:15:01,0.10884421
2011-08-19 06:15:01,0.11216265
2011-08-19 07:15:01,0.11796627
2011-08-19 08:15:01,0.1277876
2011-08-19 09:15:01,0.15522178
2011-08-19 10:15:01,0.15644695
2011-08-19 11:15:01,0.17168182
2011-08-19 12:15:01,0.17577715
2011-08-19 13:15:01,0.14537679
2011-08-19 14:15:01,0.10216631
2011-08-19 15:15:01,0.10896356
2011-08-19 16:15:01,0.12097131
2011-08-19 18:15:01,0.83804053
2011-08-19 19:15:01,0.13887087
2011-08-19 20:15:01,0.11368453
2011-08-19 21:15:01,0.11413781
2011-08-19 22:15:01,0.09867177
2011-08-19 23:15:01,0.1065135
2011-08-20 00:15:01,0.10548322
2011-08-20 01:15:01,0.12480562
2011-08-20 02:15:01,0.11233348
2011-08-20 03:15:01,0.108533904
2011-08-20 04:15:01,0.10921735
2011-08-20 05:15:01,0.10940409
2011-08-20 06:15:01,0.110393435
2011-08-20 07:15:01,0.13652933
2011-08-20 08:15:01,0.12394137
2011-08-20 09:15:01,0.15715766
2011-08-20 10:15:01,0.19528663
2011-08-20 11:15:01,0.24350877
2011-08-20 12:15:01,0.26183206
2011-08-20 13:15:01,0.1847234
2011-08-20 14:15:01,0.112487525
2011-08-20 15:15:01,0.15496732
2011-08-20 16:15:01,0.139956
2011-08-20 17:15:01,0.119973555
2011-08-20 18:15:01,0.115780234
2011-08-20 19:15:01,0.09298562
2011-08-20 20:15:01,0.11640348
2011-08-20 21:15:01,0.11309933
2011-08-20 22:15:01,0.11044831
2011-08-20 23:15:01,0.08533683
2011-08-21 00:15:01,0.110259965
2011-08-21 01:15:01,0.11766283
2011-08-21 02:15:01,0.118014604
2011-08-21 03:15:01,0.11813936
2011-08-21 04:15:01,0.10714851
2011-08-21 05:15:01,0.10843919
2011-08-21 06:15:01,0.114059724
2011-08-21 07:15:01,0.1327771
2011-08-21 08:15:01,0.1189615
2011-08-21 09:15:01,0.11548618
2011-08-21 10:15:01,0.1794056
2011-08-21 11:15:01,0.21432516
2011-08-21 12:15:01,0.20501946
2011-08-21 13:15:01,0.21311939
2011-08-21 15:15:01,0.11944305
2011-08-21 16:15:01,0.1236672
2011-08-21 17:15:01,0.123833455
2011-08-21 18:15:01,0.10030941
2011-08-21 19:15:01,0.11383874
2011-08-21 20:15:01,0.10694318
2011-08-21 21:15:01,0.11419522
2011-08-21 22:15:01,0.1135277
2011-08-21 23:15:01,0.110797524
2011-08-22 00:15:01,0.09594626
2011-08-22 01:15:01,0.11225498
2011-08-22 02:15:01,0.10792453
2011-08-22 03:15:01,0.10665061
2011-08-22 04:15:01,0.10403598
2011-08-22 05:15:01,0.10092452
2011-08-22 06:15:01,0.10439803
2011-08-22 07:15:01,0.13086702
2011-08-22 08:15:01,0.13182728
2011-08-22 09:15:01,0.14706667
2011-08-22 10:15:01,0.17353293
2011-08-22 11:15:01,0.15230435
2011-08-22 12:15:01,0.16310139
2011-08-22 13:15:01,0.1656077
2011-08-22 15:15:01,0.1513739
2011-08-22 16:15:01,0.11146543
2011-08-22 17:15:01,0.15335657
2011-08-22 18:15:01,0.11208948
2011-08-22 19:15:01,0.13238543
2011-08-22 20:15:01,0.10411997
2011-08-22 21:15:01,0.11078216
2011-08-22 22:15:01,0.13510793
2011-08-22 23:15:01,0.13202827
2011-08-23 00:15:01,0.10142265
2011-08-23 01:15:01,0.11636598
2011-08-23 02:15:01,0.111508325
2011-08-23 03:15:01,0.10803944
2011-08-23 04:15:01,0.10697921
2011-08-23 05:15:01,0.10704146
2011-08-23 06:15:01,0.1345489
2011-08-23 07:15:01,0.107432686
2011-08-23 08:15:01,0.15599822
2011-08-23 09:15:01,0.22261363
2011-08-23 10:15:01,0.19418259
2011-08-23 11:15:01,0.17591508
2011-08-23 12:15:01,0.20456095
2011-08-23 13:15:01,0.1581826
2011-08-23 14:15:01,0.19467549
2011-08-23 16:15:01,0.134039
2011-08-23 17:15:01,0.12224722
2011-08-23 18:15:01,0.12619531
2011-08-23 19:15:01,0.12028427
2011-08-23 20:15:01,0.11119277
2011-08-23 21:15:01,0.12905404
2011-08-23 22:15:01,0.07870334
2011-08-23 23:15:01,0.12705915
2011-08-24 00:15:01,0.12184635
2011-08-24 01:15:01,0.11037873
2011-08-24 02:15:01,0.11471687
2011-08-24 03:15:01,0.10645215
2011-08-24 04:15:01,0.10970722
2011-08-24 05:15:01,0.11671865
2011-08-24 06:15:01,0.10956276
2011-08-24 07:15:01,0.13544293
2011-08-24 08:15:01,0.14671592
2011-08-24 09:15:01,0.20891954
2011-08-24 10:15:01,0.23241936
2011-08-24 11:15:01,0.321585
2011-08-24 12:15:01,0.2544371
2011-08-24 13:15:01,0.26245
2011-08-24 15:15:01,0.16266453
2011-08-24 16:15:01,0.15301733
2011-08-24 17:15:01,0.21689102
2011-08-24 18:15:01,0.13572687
2011-08-24 19:15:01,0.12626997
2011-08-24 20:15:01,0.11261981
2011-08-24 21:15:01,0.120659664
2011-08-24 22:15:01,0.09656597
2011-08-24 23:15:01,0.1199192
2011-08-25 00:15:01,0.10734131
2011-08-25 01:15:01,0.12586413
2011-08-25 02:15:01,0.11629794
2011-08-25 03:15:01,0.11770727
2011-08-25 04:15:01,0.12661375
2011-08-25 05:15:01,0.1315397
2011-08-25 06:15:01,0.13651276
2011-08-25 07:15:01,0.13905591
2011-08-25 08:15:01,0.15835911
2011-08-25 09:15:01,0.22286472
2011-08-25 10:15:01,0.19585195
2011-08-25 11:15:01,0.17323296
2011-08-25 12:15:01,0.17747767
2011-08-25 13:15:01,0.14595985
2011-08-25 15:15:01,0.13367072
2011-08-25 16:15:01,0.15233262
2011-08-25 17:15:01,0.16810894
2011-08-25 18:15:01,0.1612689
2011-08-25 19:15:01,0.12984048
2011-08-25 20:15:01,0.14913467
2011-08-25 21:15:01,0.13181394
2011-08-25 22:15:01,0.13676725
2011-08-25 23:15:01,0.1213567
2011-08-26 00:15:01,0.10394529
2011-08-26 01:15:01,0.11282006
2011-08-26 02:15:01,0.12085585
2011-08-26 03:15:01,0.116340294
2011-08-26 04:15:01,0.12295302
2011-08-26 05:15:01,0.122890726
2011-08-26 06:15:01,0.14642692
2011-08-26 07:15:01,0.14837992
2011-08-26 08:15:01,0.15771914
2011-08-26 10:15:01,0.2014037
2011-08-26 11:15:01,0.14318919
2011-08-26 12:15:01,0.14888309
2011-08-26 13:15:01,0.19792818
2011-08-26 14:15:01,0.12600425
2011-08-26 15:15:01,0.16667408
2011-08-26 16:15:01,0.17285427
2011-08-26 17:15:01,0.081953816
2011-08-26 18:15:01,0.14513245
2011-08-26 19:15:01,0.1157436
2011-08-26 20:15:01,0.12046706
2011-08-26 21:15:01,0.12730709
2011-08-26 22:15:01,0.10715181
2011-08-26 23:15:01,0.12024273
2011-08-27 00:15:01,0.10714314
2011-08-27 01:15:01,0.12854598
2011-08-27 02:15:01,0.120697245
2011-08-27 03:15:01,0.116228074
2011-08-27 04:15:01,0.13298547
2011-08-27 05:15:01,0.11617463
2011-08-27 06:15:01,0.12926485
2011-08-27 07:15:01,0.1554724
2011-08-27 08:15:01,0.12910165
2011-08-27 09:15:01,0.22941288
2011-08-27 10:15:01,0.19370455
2011-08-27 11:15:01,0.24548624
2011-08-27 12:15:01,0.24302231
2011-08-27 13:15:01,0.14373757
2011-08-27 14:15:01,0.14617011
2011-08-27 15:15:01,0.18309592
2011-08-27 16:15:01,0.12817414
2011-08-27 17:15:01,0.08123014
2011-08-27 18:15:01,0.11922846
2011-08-27 19:15:01,0.12366971
2011-08-27 20:15:01,0.09815528
2011-08-27 21:15:01,0.113524556
2011-08-27 22:15:01,0.11752056
2011-08-27 23:15:01,0.10407584
2011-08-28 00:15:01,0.07914216
2011-08-28 01:15:01,0.080839865
2011-08-28 17:15:01,0.12818125
2011-08-28 18:15:01,0.10958451
2011-08-28 19:15:01,0.12024761
2011-08-28 20:15:01,0.13212071
2011-08-28 21:15:01,0.10543071
2011-08-28 22:15:01,0.100667484
2011-08-28 23:15:01,0.106716804
2011-08-29 00:15:01,0.09412209
2011-08-29 01:15:01,0.118924074
2011-08-29 02:15:01,0.11747532
2011-08-29 03:15:01,0.14095642
2011-08-29 04:15:01,0.11822769
2011-08-29 05:15:01,0.13142493
2011-08-29 06:15:01,0.1351218
2011-08-29 07:15:01,0.14457116
2011-08-29 08:15:01,0.17518687
2011-08-29 09:15:01,0.19833916
2011-08-29 10:15:01,0.23589236
2011-08-29 11:15:01,0.1993307
2011-08-29 12:15:01,0.25275758
2011-08-29 13:15:01,0.13131285
2011-08-29 14:15:01,0.15803273
2011-08-29 15:15:01,0.13829836
2011-08-29 16:15:01,0.12976937
2011-08-29 17:15:01,0.18010461
2011-08-29 18:15:01,0.121613614
2011-08-29 19:15:01,0.17760584
2011-08-29 20:15:01,0.116052315
2011-08-29 21:15:01,0.11805519
2011-08-29 22:15:01,0.12008656
2011-08-29 23:15:01,0.106255606
2011-08-30 00:15:01,0.10798404
2011-08-30 01:15:01,0.12178458
2011-08-30 02:15:01,0.11630225
2011-08-30 03:15:01,0.12919198
2011-08-30 04:15:01,0.11704243
2011-08-30 05:15:01,0.12253537
2011-08-30 06:15:01,0.13160762
2011-08-30 07:15:01,0.15097749
2011-08-30 08:15:01,0.18353383
2011-08-30 09:15:01,0.19671428
2011-08-30 10:15:01,0.23652439
2011-08-30 11:15:01,0.16361423
2011-08-30 12:15:01,0.2898898
2011-08-30 13:15:01,0.20502585
2011-08-30 15:15:01,0.13341905
2011-08-30 16:15:01,0.14527228
2011-08-30 17:15:01,0.12532552
2011-08-30 18:15:01,0.19655287
2011-08-30 19:15:01,0.13251793
2011-08-30 21:15:01,0.11431296
2011-08-30 22:15:01,0.10435633
2011-08-30 23:15:01,0.13220222
2011-08-31 00:15:01,0.14849393
2011-08-31 01:15:01,0.15274295
2011-08-31 02:15:01,0.13465863
2011-08-31 03:15:01,0.13728254
2011-08-31 04:15:01,0.1306861
2011-08-31 05:15:01,0.13645077
2011-08-31 06:15:01,0.13702849
2011-08-31 07:15:01,0.16147687
2011-08-31 08:15:01,0.20266835
2011-08-31 09:15:01,0.27724138
2011-08-31 10:15:01,0.23968326
2011-08-31 11:15:01,0.2354326
2011-08-31 12:15:01,0.13369946
2011-08-31 13:15:01,0.21667297
2011-08-31 14:15:01,0.14465587
2011-08-31 15:15:01,0.21388158
2011-08-31 16:15:01,0.13586134
2011-08-31 17:15:01,0.1459448
2011-08-31 19:15:01,0.1377787
2011-08-31 20:15:01,0.106294714
2011-08-31 21:15:01,0.121449396
2011-08-31 22:15:01,0.10291724
2011-08-31 23:15:01,0.15743268
2011-09-01 00:15:01,0.07483703
2011-09-01 01:15:01,0.12197537
2011-09-01 02:15:01,0.11076751
2011-09-01 03:15:01,0.11352802
2011-09-01 04:15:01,0.11876669
2011-09-01 05:15:01,0.1196131
2011-09-01 06:15:01,0.14922135
2011-09-01 07:15:01,0.15397131
2011-09-01 08:15:01,0.17652941
2011-09-01 09:15:01,0.20935841
2011-09-01 10:15:01,0.27403614
2011-09-01 13:15:01,0.15869538
2011-09-01 18:15:01,0.15765376
2011-09-01 19:15:01,0.13318889
2011-09-01 20:15:01,0.11666286
2011-09-01 21:15:01,0.13378349
2011-09-01 22:15:01,0.12360894
2011-09-01 23:15:01,0.10133481
2011-09-02 00:15:01,0.096079715
2011-09-02 01:15:01,0.10998618
2011-09-02 02:15:01,0.11309947
2011-09-02 03:15:01,0.12233315
2011-09-02 04:15:01,0.10187395
2011-09-02 05:15:01,0.11610202
2011-09-02 06:15:01,0.19000804
2011-09-02 07:15:01,0.13016787
2011-09-02 08:15:01,0.1740632
2011-09-02 09:15:01,0.1122451
2011-09-02 10:15:01,0.28429413
2011-09-02 11:15:01,0.2164193
2011-09-02 12:15:01,0.23462725
2011-09-02 13:15:01,0.13465741
2011-09-02 14:15:01,0.1881059
2011-09-02 15:15:01,0.12057506
2011-09-02 16:15:01,0.21547756
2011-09-02 17:15:01,0.12762068
2011-09-02 18:15:01,0.07172717
2011-09-02 19:15:01,0.3050205
2011-09-02 20:15:01,0.13857143
2011-09-02 21:15:01,0.15511571
2011-09-02 22:15:01,0.10614035
2011-09-02 23:15:01,0.13880387
2011-09-03 00:15:01,0.24487053
2011-09-03 01:15:01,0.13906825
2011-09-03 02:15:01,0.17298119
2011-09-03 03:15:01,0.12569211
2011-09-03 04:15:01,0.11923562
2011-09-03 05:15:01,0.13409367
2011-09-03 06:15:01,0.14686772
2011-09-03 07:15:01,0.16418532
2011-09-03 08:15:01,0.2157161
2011-09-03 09:15:01,0.16657124
2011-09-03 10:15:01,0.30918148
2011-09-03 11:15:01,0.2968007
2011-09-03 12:15:01,0.33725572
2011-09-03 13:15:01,0.3061628
2011-09-03 14:15:01,0.15199095
2011-09-03 15:15:01,0.19062193
2011-09-03 16:15:01,0.12859087
2011-09-03 17:15:01,0.13417105
2011-09-03 18:15:01,0.11125494
2011-09-03 19:15:01,0.12567952
2011-09-03 20:15:01,0.0779459
2011-09-03 21:15:01,0.16989556
2011-09-03 22:15:01,0.16235311
2011-09-03 23:15:01,0.12833333
2011-09-04 00:15:01,0.05669849
2011-09-04 01:15:01,0.12879285
2011-09-04 02:15:01,0.14077884
2011-09-04 03:15:01,0.1126446
2011-09-04 04:15:01,0.1073853
2011-09-04 05:15:01,0.12090754
2011-09-04 06:15:01,0.119361654
2011-09-04 07:15:01,0.13776067
2011-09-04 08:15:01,0.16965947
2011-09-04 09:15:01,0.21178095
2011-09-04 10:15:01,0.24587628
2011-09-04 11:15:01,0.35757893
2011-09-04 12:15:01,0.2746958
2011-09-04 13:15:01,0.21227866
2011-09-04 14:15:01,0.22530988
2011-09-04 15:15:01,0.111788206
2011-09-04 16:15:01,0.11509138
2011-09-04 17:15:01,0.1104757
2011-09-04 19:15:01,0.096856095
2011-09-04 21:15:01,0.09492099
2011-09-04 22:15:01,0.10650479
2011-09-04 23:15:01,0.09808342
2011-09-05 00:15:01,0.06774863
2011-09-05 01:15:01,0.09216073
2011-09-05 02:15:01,0.10704751
2011-09-05 03:15:01,0.13804936
2011-09-05 04:15:01,0.10106376
2011-09-05 05:15:01,0.108725056
2011-09-05 06:15:01,0.13033772
2011-09-05 07:15:01,0.124165475
2011-09-05 08:15:01,0.1456841
2011-09-05 09:15:01,0.18914692
2011-09-05 10:15:01,0.26299778
2011-09-05 11:15:01,0.28208792
2011-09-05 12:15:01,0.34082192
2011-09-05 13:15:01,0.16555427
2011-09-05 15:15:01,0.124508746
2011-09-05 17:15:01,0.12283541
2011-09-05 18:15:01,0.09384876
2011-09-05 19:15:01,0.10143799
2011-09-05 20:15:01,0.10283812
2011-09-05 21:15:01,0.08273757
2011-09-05 22:15:01,0.08365105
2011-09-05 23:15:01,0.09136433
2011-09-06 01:15:01,0.09200446
2011-09-06 02:15:01,0.108025886
2011-09-06 03:15:01,0.11185034
2011-09-06 04:15:01,0.10703404
2011-09-06 05:15:01,0.13472036
2011-09-06 06:15:01,0.12083556
2011-09-06 07:15:01,0.1586507
2011-09-06 08:15:01,0.22721636
2011-09-06 09:15:01,0.2507824
2011-09-06 10:15:01,0.29098684
2011-09-06 11:15:01,0.1267012
2011-09-06 12:15:01,0.20734914
2011-09-06 14:15:01,0.1554793
2011-09-06 15:15:01,0.18046695
2011-09-06 16:15:01,0.13493818
2011-09-06 17:15:01,0.17433655
2011-09-06 18:15:01,0.15452667
2011-09-06 19:15:01,0.116790876
2011-09-06 20:15:01,0.14235775
2011-09-06 21:15:01,0.1521305
2011-09-06 22:15:01,0.11067428
2011-09-06 23:15:01,0.09285475
2011-09-07 00:15:01,0.08540292
2011-09-07 01:15:01,0.12939137
2011-09-07 02:15:01,0.114690565
2011-09-07 03:15:01,0.11749626
2011-09-07 04:15:01,0.11761472
2011-09-07 05:15:01,0.14334385
2011-09-07 06:15:01,0.15206048
2011-09-07 07:15:01,0.19557922
2011-09-07 08:15:01,0.20011647
2011-09-07 09:15:01,0.28330097
2011-09-07 10:15:01,0.29212928
2011-09-07 11:15:01,0.3431984
2011-09-07 12:15:01,0.15321745
2011-09-07 13:15:01,0.15158287
2011-09-07 14:15:01,0.18810624
